id;title;content;date;status
1;Singapore Mexico;../fake-data/blob/hipster.txt;2022-01-23T09:01:07;PUBLISHED
2;invoice action-items Steel;../fake-data/blob/hipster.txt;2022-01-23T18:35:25;UNPUBLISHED
3;copy 24/7 Generic;../fake-data/blob/hipster.txt;2022-01-23T13:30:50;UNPUBLISHED
4;Pataca;../fake-data/blob/hipster.txt;2022-01-23T16:54:45;UNPUBLISHED
5;deposit revolutionize;../fake-data/blob/hipster.txt;2022-01-22T22:28:03;PUBLISHED
6;Optimized hardware Suriname;../fake-data/blob/hipster.txt;2022-01-23T03:49:24;PUBLISHED
7;compress;../fake-data/blob/hipster.txt;2022-01-23T20:22:04;PUBLISHED
8;payment Identity;../fake-data/blob/hipster.txt;2022-01-23T11:52:55;UNPUBLISHED
9;Communications mint;../fake-data/blob/hipster.txt;2022-01-23T02:43:52;UNPUBLISHED
10;Developer Loan;../fake-data/blob/hipster.txt;2022-01-23T14:01:29;PUBLISHED
